latitude,longitude,point_number
69.04704704704704,33.03085904920767,1
69.06306306306307,33.07422852376981,2
69.07907907907908,33.117597998331945,3
69.07907907907908,33.16096747289408,4
69.07907907907908,33.20433694745621,5
69.09509509509509,33.24770642201835,6
69.09509509509509,33.29107589658048,7
69.11111111111111,33.33444537114262,8
69.12712712712712,33.377814845704755,9
69.14314314314315,33.42118432026689,10
69.15915915915916,33.46455379482902,11
69.17517517517517,33.507923269391156,12
69.1911911911912,33.5512927439533,13
69.2072072072072,33.5512927439533,14
69.22322322322323,33.5512927439533,15
69.23923923923924,33.5512927439533,16
69.25525525525525,33.5512927439533,17
69.27127127127127,33.5512927439533,18
69.28728728728728,33.5512927439533,19
69.30330330330331,33.5512927439533,20
69.31931931931932,33.5512927439533,21
69.33533533533533,33.59466221851543,22
69.33533533533533,33.638031693077565,23
69.33533533533533,33.6814011676397,24
69.35135135135135,33.72477064220183,25
69.33533533533533,33.76814011676397,26
69.33533533533533,33.81150959132611,27
69.35135135135135,33.85487906588824,28
69.35135135135135,33.898248540450375,29
69.36736736736736,33.94161801501251,30
69.38338338338339,33.98498748957465,31
69.3993993993994,34.02835696413678,32
69.3993993993994,34.07172643869892,33
69.41541541541541,34.11509591326105,34
69.41541541541541,34.158465387823185,35
69.41541541541541,34.20183486238532,36
69.3993993993994,34.24520433694746,37
69.3993993993994,34.28857381150959,38
69.38338338338339,34.33194328607173,39
69.36736736736736,34.37531276063386,40
69.35135135135135,34.418682235195995,41
69.33533533533533,34.46205170975813,42
69.31931931931932,34.50542118432027,43
69.30330330330331,34.5487906588824,44
69.28728728728728,34.59216013344454,45
69.27127127127127,34.63552960800667,46
69.25525525525525,34.678899082568805,47
69.25525525525525,34.722268557130946,48
69.25525525525525,34.76563803169308,49
69.25525525525525,34.80900750625521,50
69.23923923923924,34.85237698081735,51
69.23923923923924,34.89574645537948,52
69.23923923923924,34.93911592994162,53
69.22322322322323,34.982485404503755,54
69.23923923923924,35.02585487906589,55
69.25525525525525,35.06922435362802,56
69.27127127127127,35.11259382819016,57
69.28728728728728,35.1559633027523,58
69.28728728728728,35.19933277731443,59
69.28728728728728,35.242702251876565,60
69.28728728728728,35.2860717264387,61
69.28728728728728,35.32944120100083,62
69.27127127127127,35.37281067556297,63
69.27127127127127,35.4161801501251,64
69.25525525525525,35.45954962468724,65
69.25525525525525,35.502919099249375,66
69.25525525525525,35.54628857381151,67
69.23923923923924,35.58965804837364,68
69.23923923923924,35.63302752293578,69
69.22322322322323,35.67639699749792,70
69.22322322322323,35.71976647206005,71
69.2072072072072,35.763135946622185,72
69.2072072072072,35.80650542118432,73
69.2072072072072,35.84987489574645,74
69.1911911911912,35.893244370308594,75
69.1911911911912,35.93661384487073,76
69.17517517517517,35.97998331943286,77
69.15915915915916,36.023352793994995,78
69.14314314314315,36.06672226855713,79
69.14314314314315,36.11009174311927,80
69.12712712712712,36.153461217681404,81
69.12712712712712,36.19683069224354,82
69.12712712712712,36.24020016680567,83
69.11111111111111,36.283569641367805,84
69.09509509509509,36.326939115929946,85
69.07907907907908,36.37030859049207,86
69.06306306306307,36.413678065054214,87
69.04704704704704,36.45704753961635,88
69.04704704704704,36.50041701417848,89
69.03103103103103,36.543786488740615,90
69.01501501501501,36.58715596330275,91
68.998998998999,36.63052543786489,92
68.998998998999,36.67389491242702,93
68.98298298298299,36.71726438698916,94
68.96696696696696,36.76063386155129,95
68.95095095095095,36.804003336113425,96
68.95095095095095,36.847372810675566,97
68.93493493493493,36.8907422852377,98
68.91891891891892,36.93411175979983,99
68.91891891891892,36.97748123436197,100
68.90290290290291,37.0208507089241,101
68.88688688688688,37.06422018348624,102
68.87087087087087,37.107589658048376,103
68.85485485485485,37.15095913261051,104
68.85485485485485,37.19432860717264,105
68.83883883883884,37.23769808173478,106
68.82282282282283,37.28106755629692,107
68.8068068068068,37.32443703085905,108
68.7907907907908,37.367806505421186,109
68.77477477477477,37.41117597998332,110
68.75875875875876,37.45454545454545,111
68.74274274274275,37.497914929107594,112
68.74274274274275,37.54128440366972,113
68.74274274274275,37.58465387823186,114
68.72672672672672,37.628023352793996,115
68.72672672672672,37.67139282735613,116
68.71071071071071,37.71476230191826,117
68.69469469469469,37.7581317764804,118
68.67867867867868,37.80150125104254,119
68.66266266266267,37.84487072560467,120
68.64664664664664,37.888240200166805,121
68.63063063063063,37.93160967472894,122
68.61461461461461,37.97497914929107,123
68.5985985985986,38.018348623853214,124
68.58258258258259,38.06171809841535,125
68.56656656656656,38.10508757297748,126
68.55055055055055,38.148457047539615,127
68.53453453453453,38.19182652210175,128
68.51851851851852,38.23519599666389,129
68.50250250250251,38.278565471226024,130
68.48648648648648,38.32193494578816,131
68.47047047047047,38.36530442035029,132
68.45445445445445,38.408673894912425,133
68.43843843843844,38.452043369474566,134
68.42242242242243,38.4954128440367,135
68.4064064064064,38.538782318598834,136
68.3903903903904,38.58215179316097,137
68.3903903903904,38.6255212677231,138
68.3903903903904,38.66889074228524,139
68.37437437437437,38.71226021684737,140
68.35835835835836,38.75562969140951,141
68.34234234234235,38.798999165971644,142
68.32632632632632,38.84236864053378,143
68.32632632632632,38.88573811509591,144
68.31031031031031,38.929107589658045,145
68.29429429429429,38.972477064220186,146
68.27827827827828,39.01584653878232,147
68.26226226226227,39.059216013344454,148
68.24624624624624,39.10258548790659,149
68.23023023023023,39.14595496246872,150
68.21421421421421,39.18932443703086,151
68.1981981981982,39.232693911592996,152
68.18218218218219,39.27606338615513,153
68.18218218218219,39.319432860717264,154
68.18218218218219,39.3628023352794,155
68.18218218218219,39.40617180984154,156
68.18218218218219,39.44954128440367,157
68.18218218218219,39.492910758965806,158
68.18218218218219,39.53628023352794,159
68.18218218218219,39.57964970809007,160
68.18218218218219,39.623019182652214,161
68.18218218218219,39.66638865721435,162
68.18218218218219,39.70975813177648,163
68.18218218218219,39.753127606338616,164
68.16616616616616,39.79649708090075,165
68.15015015015015,39.83986655546289,166
68.13413413413413,39.88323603002502,167
68.11811811811812,39.92660550458716,168
68.10210210210211,39.92660550458716,169
68.08608608608608,39.96997497914929,170
68.07007007007007,39.96997497914929,171
68.05405405405405,39.96997497914929,172
68.03803803803804,40.013344453711426,173
68.02202202202203,40.05671392827356,174
68.006006006006,40.10008340283569,175
67.98998998999,40.10008340283569,176
67.97397397397397,40.143452877397834,177
67.95795795795796,40.18682235195997,178
67.94194194194195,40.2301918265221,179
67.92592592592592,40.273561301084236,180
67.90990990990991,40.31693077564637,181
67.90990990990991,40.36030025020851,182
67.89389389389389,40.403669724770644,183
67.87787787787788,40.44703919933278,184
67.86186186186187,40.44703919933278,185
67.84584584584584,40.403669724770644,186
67.82982982982983,40.36030025020851,187
67.81381381381381,40.403669724770644,188
67.7977977977978,40.44703919933278,189
67.7977977977978,40.49040867389491,190
67.7977977977978,40.533778148457046,191
67.81381381381381,40.57714762301919,192
67.81381381381381,40.62051709758132,193
67.81381381381381,40.663886572143454,194
67.7977977977978,40.70725604670559,195
67.78178178178179,40.70725604670559,196
67.76576576576576,40.75062552126772,197
67.74974974974975,40.79399499582986,198
67.74974974974975,40.837364470392,199
67.74974974974975,40.88073394495413,200
67.74974974974975,40.924103419516264,201
67.73373373373373,40.9674728940784,202
67.71771771771772,41.01084236864053,203
67.70170170170171,41.01084236864053,204
67.68568568568568,41.054211843202665,205
67.66966966966967,41.054211843202665,206
67.65365365365365,41.054211843202665,207
67.63763763763764,41.054211843202665,208
67.62162162162163,41.054211843202665,209
67.6056056056056,41.054211843202665,210
67.5895895895896,41.054211843202665,211
67.57357357357357,41.01084236864053,212
67.55755755755756,41.01084236864053,213
67.54154154154155,41.01084236864053,214
67.52552552552552,41.054211843202665,215
67.50950950950951,41.01084236864053,216
67.49349349349349,41.01084236864053,217
67.47747747747748,41.054211843202665,218
67.46146146146147,41.097581317764806,219
67.44544544544544,41.14095079232694,220
67.42942942942943,41.14095079232694,221
67.41341341341341,41.184320266889074,222
67.3973973973974,41.14095079232694,223
67.38138138138137,41.14095079232694,224
67.36536536536536,41.14095079232694,225
67.34934934934935,41.14095079232694,226
67.33333333333333,41.14095079232694,227
67.31731731731732,41.14095079232694,228
67.3013013013013,41.14095079232694,229
67.28528528528528,41.14095079232694,230
67.26926926926927,41.14095079232694,231
67.25325325325325,41.14095079232694,232
67.23723723723724,41.184320266889074,233
67.23723723723724,41.22768974145121,234
67.23723723723724,41.27105921601334,235
67.23723723723724,41.31442869057548,236
67.22122122122121,41.357798165137616,237
67.2052052052052,41.40116763969975,238
67.1891891891892,41.357798165137616,239
67.17317317317317,41.357798165137616,240
67.15715715715716,41.357798165137616,241
67.14114114114113,41.40116763969975,242
67.12512512512512,41.40116763969975,243
67.10910910910911,41.40116763969975,244
67.09309309309309,41.357798165137616,245
67.07707707707708,41.357798165137616,246
67.06106106106105,41.357798165137616,247
67.04504504504504,41.357798165137616,248
67.02902902902903,41.357798165137616,249
67.01301301301301,41.40116763969975,250
66.996996996997,41.357798165137616,251
66.98098098098097,41.31442869057548,252
66.96496496496496,41.31442869057548,253
66.94894894894895,41.31442869057548,254
66.93293293293293,41.31442869057548,255
66.91691691691692,41.31442869057548,256
66.9009009009009,41.27105921601334,257
66.88488488488488,41.27105921601334,258
66.86886886886887,41.27105921601334,259
66.85285285285285,41.22768974145121,260
66.83683683683684,41.22768974145121,261
66.82082082082081,41.22768974145121,262
66.8048048048048,41.184320266889074,263
66.78878878878879,41.184320266889074,264
66.77277277277277,41.14095079232694,265
66.75675675675676,41.097581317764806,266
66.74074074074073,41.054211843202665,267
66.72472472472472,41.01084236864053,268
66.70870870870871,41.01084236864053,269
66.69269269269269,40.9674728940784,270
66.67667667667668,40.9674728940784,271
66.66066066066065,40.924103419516264,272
66.64464464464464,40.88073394495413,273
66.62862862862863,40.837364470392,274
66.61261261261261,40.79399499582986,275
66.5965965965966,40.75062552126772,276
66.58058058058057,40.75062552126772,277
66.56456456456456,40.75062552126772,278
66.54854854854855,40.75062552126772,279
66.53253253253253,40.75062552126772,280
66.51651651651652,40.70725604670559,281
66.5005005005005,40.663886572143454,282
66.48448448448448,40.62051709758132,283
66.46846846846847,40.62051709758132,284
66.45245245245245,40.57714762301919,285
66.43643643643644,40.533778148457046,286
66.42042042042041,40.49040867389491,287
66.4044044044044,40.44703919933278,288
66.38838838838839,40.403669724770644,289
66.37237237237237,40.36030025020851,290
66.35635635635636,40.31693077564637,291
66.34034034034033,40.273561301084236,292
66.32432432432432,40.2301918265221,293
66.30830830830831,40.18682235195997,294
66.29229229229229,40.143452877397834,295
66.27627627627628,40.10008340283569,296
66.26026026026025,40.05671392827356,297
66.24424424424424,40.013344453711426,298
66.22822822822823,39.96997497914929,299
66.21221221221221,39.96997497914929,300
66.1961961961962,39.96997497914929,301
66.18018018018017,39.96997497914929,302
66.16416416416416,39.96997497914929,303
66.14814814814815,39.96997497914929,304
66.13213213213213,39.96997497914929,305
66.11611611611612,39.96997497914929,306
66.1001001001001,39.96997497914929,307
66.08408408408408,39.96997497914929,308
66.06806806806807,39.96997497914929,309
66.05205205205205,39.96997497914929,310
66.03603603603604,39.96997497914929,311
66.02002002002001,39.96997497914929,312
66.004004004004,39.96997497914929,313
65.98798798798799,39.96997497914929,314
65.97197197197197,39.96997497914929,315
65.95595595595596,39.96997497914929,316
65.93993993993993,39.96997497914929,317
65.92392392392392,39.96997497914929,318
65.90790790790791,39.96997497914929,319
65.89189189189189,39.96997497914929,320
65.87587587587588,39.96997497914929,321
65.85985985985985,39.96997497914929,322
65.84384384384384,39.96997497914929,323
65.82782782782783,39.96997497914929,324
65.81181181181181,39.96997497914929,325
65.7957957957958,39.96997497914929,326
65.77977977977977,39.96997497914929,327
65.76376376376376,39.96997497914929,328
65.74774774774775,39.92660550458716,329
65.73173173173173,39.92660550458716,330
65.71571571571572,39.92660550458716,331
65.69969969969969,39.92660550458716,332
65.68368368368368,39.92660550458716,333
65.66766766766767,39.92660550458716,334
65.65165165165165,39.92660550458716,335
65.63563563563564,39.88323603002502,336
65.61961961961961,39.83986655546289,337
65.6036036036036,39.79649708090075,338
65.58758758758759,39.79649708090075,339
65.57157157157157,39.753127606338616,340
65.55555555555556,39.753127606338616,341
65.53953953953953,39.70975813177648,342
65.52352352352352,39.70975813177648,343
65.50750750750751,39.70975813177648,344
65.49149149149149,39.70975813177648,345
65.47547547547548,39.70975813177648,346
65.45945945945945,39.70975813177648,347
65.44344344344344,39.66638865721435,348
65.42742742742743,39.70975813177648,349
65.41141141141141,39.70975813177648,350
65.3953953953954,39.70975813177648,351
65.37937937937937,39.70975813177648,352
65.36336336336336,39.70975813177648,353
65.34734734734735,39.70975813177648,354
65.33133133133133,39.753127606338616,355
65.31531531531532,39.753127606338616,356
65.29929929929929,39.79649708090075,357
65.28328328328328,39.83986655546289,358
65.26726726726727,39.83986655546289,359
65.25125125125125,39.83986655546289,360
65.23523523523524,39.88323603002502,361
65.21921921921921,39.88323603002502,362
65.2032032032032,39.88323603002502,363
65.18718718718719,39.88323603002502,364
65.17117117117117,39.88323603002502,365
65.15515515515516,39.88323603002502,366
65.13913913913913,39.88323603002502,367
65.12312312312312,39.88323603002502,368
65.10710710710711,39.88323603002502,369
65.09109109109109,39.88323603002502,370
65.07507507507508,39.88323603002502,371
65.05905905905905,39.88323603002502,372
65.04304304304304,39.88323603002502,373
65.02702702702703,39.88323603002502,374
65.011011011011,39.88323603002502,375
64.994994994995,39.88323603002502,376
65.011011011011,39.92660550458716,377
65.02702702702703,39.96997497914929,378
65.04304304304304,40.013344453711426,379
65.05905905905905,40.05671392827356,380
65.07507507507508,40.10008340283569,381
65.09109109109109,40.05671392827356,382
65.10710710710711,40.05671392827356,383
65.12312312312312,40.013344453711426,384
65.13913913913913,40.013344453711426,385
65.15515515515516,40.013344453711426,386
65.17117117117117,39.96997497914929,387
65.18718718718719,39.96997497914929,388
65.2032032032032,39.92660550458716,389
65.21921921921921,39.92660550458716,390
65.23523523523524,39.88323603002502,391
65.25125125125125,39.88323603002502,392
65.26726726726727,39.88323603002502,393
65.28328328328328,39.83986655546289,394
65.29929929929929,39.79649708090075,395
65.31531531531532,39.753127606338616,396
65.33133133133133,39.753127606338616,397
65.34734734734735,39.70975813177648,398
65.36336336336336,39.70975813177648,399
65.37937937937937,39.70975813177648,400
65.3953953953954,39.70975813177648,401
65.41141141141141,39.70975813177648,402
65.42742742742743,39.70975813177648,403
65.44344344344344,39.66638865721435,404
65.45945945945945,39.70975813177648,405
65.47547547547548,39.70975813177648,406
65.49149149149149,39.70975813177648,407
65.50750750750751,39.70975813177648,408
65.52352352352352,39.70975813177648,409
65.53953953953953,39.70975813177648,410
65.55555555555556,39.753127606338616,411
65.57157157157157,39.753127606338616,412
65.58758758758759,39.79649708090075,413
65.6036036036036,39.79649708090075,414
65.61961961961961,39.83986655546289,415
65.63563563563564,39.88323603002502,416
65.65165165165165,39.92660550458716,417
65.66766766766767,39.96997497914929,418
65.68368368368368,40.013344453711426,419
65.69969969969969,40.05671392827356,420
65.71571571571572,40.10008340283569,421
65.73173173173173,40.143452877397834,422
65.74774774774775,40.18682235195997,423
65.76376376376376,40.2301918265221,424
65.77977977977977,40.273561301084236,425
65.7957957957958,40.31693077564637,426
65.81181181181181,40.36030025020851,427
65.82782782782783,40.403669724770644,428
65.84384384384384,40.44703919933278,429
65.85985985985985,40.49040867389491,430
65.87587587587588,40.533778148457046,431
65.89189189189189,40.57714762301919,432
65.90790790790791,40.57714762301919,433
65.92392392392392,40.62051709758132,434
65.93993993993993,40.62051709758132,435
65.95595595595596,40.663886572143454,436
65.97197197197197,40.70725604670559,437
65.98798798798799,40.75062552126772,438
66.004004004004,40.79399499582986,439
66.02002002002001,40.837364470392,440
66.03603603603604,40.88073394495413,441
66.05205205205205,40.924103419516264,442
66.06806806806807,40.9674728940784,443
66.08408408408408,41.01084236864053,444
66.1001001001001,41.054211843202665,445
66.11611611611612,41.097581317764806,446
66.13213213213213,41.14095079232694,447
66.14814814814815,41.184320266889074,448
66.16416416416416,41.22768974145121,449
66.18018018018017,41.27105921601334,450
66.1961961961962,41.31442869057548,451
66.21221221221221,41.357798165137616,452
66.22822822822823,41.40116763969975,453
66.24424424424424,41.444537114261884,454
66.26026026026025,41.48790658882402,455
66.27627627627628,41.53127606338616,456
66.29229229229229,41.57464553794829,457
66.30830830830831,41.618015012510426,458
66.32432432432432,41.66138448707256,459
66.34034034034033,41.704753961634694,460
66.35635635635636,41.748123436196835,461
66.37237237237237,41.79149291075897,462
66.38838838838839,41.8348623853211,463
66.4044044044044,41.878231859883236,464
66.42042042042041,41.92160133444537,465
66.43643643643644,41.96497080900751,466
66.45245245245245,42.00834028356964,467
66.46846846846847,42.05170975813178,468
66.48448448448448,42.09507923269391,469
66.5005005005005,42.09507923269391,470
66.51651651651652,42.09507923269391,471
66.53253253253253,42.09507923269391,472
66.54854854854855,42.138448707256046,473
66.56456456456456,42.138448707256046,474
66.58058058058057,42.138448707256046,475
66.5965965965966,42.18181818181818,476
66.61261261261261,42.18181818181818,477
66.62862862862863,42.225187656380314,478
66.64464464464464,42.225187656380314,479
66.66066066066065,42.225187656380314,480
66.67667667667668,42.268557130942455,481
66.69269269269269,42.268557130942455,482
66.70870870870871,42.268557130942455,483
66.72472472472472,42.31192660550459,484
66.74074074074073,42.31192660550459,485
66.75675675675676,42.35529608006672,486
66.77277277277277,42.35529608006672,487
66.78878878878879,42.35529608006672,488
66.8048048048048,42.398665554628856,489
66.82082082082081,42.44203502919099,490
66.83683683683684,42.48540450375313,491
66.85285285285285,42.528773978315265,492
66.86886886886887,42.5721434528774,493
66.88488488488488,42.61551292743953,494
66.9009009009009,42.658882402001666,495
66.91691691691692,42.70225187656381,496
66.93293293293293,42.74562135112594,497
66.94894894894895,42.788990825688074,498
66.96496496496496,42.83236030025021,499
66.98098098098097,42.87572977481234,500
66.996996996997,42.91909924937448,501
67.01301301301301,42.96246872393662,502
67.02902902902903,43.00583819849875,503
67.04504504504504,43.049207673060884,504
67.06106106106105,43.09257714762302,505
67.07707707707708,43.13594662218516,506
67.09309309309309,43.179316096747286,507
67.10910910910911,43.22268557130943,508
67.12512512512512,43.26605504587156,509
67.14114114114113,43.309424520433694,510
67.15715715715716,43.35279399499583,511
67.17317317317317,43.39616346955796,512
67.1891891891892,43.4395329441201,513
67.2052052052052,43.48290241868224,514
67.22122122122121,43.52627189324437,515
67.23723723723724,43.569641367806504,516
67.25325325325325,43.569641367806504,517
67.26926926926927,43.61301084236864,518
67.28528528528528,43.61301084236864,519
67.3013013013013,43.61301084236864,520
67.31731731731732,43.61301084236864,521
67.33333333333333,43.65638031693078,522
67.34934934934935,43.65638031693078,523
67.36536536536536,43.65638031693078,524
67.38138138138137,43.65638031693078,525
67.3973973973974,43.69974979149291,526
67.41341341341341,43.69974979149291,527
67.42942942942943,43.69974979149291,528
67.44544544544544,43.69974979149291,529
67.46146146146147,43.74311926605505,530
67.47747747747748,43.74311926605505,531
67.49349349349349,43.74311926605505,532
67.50950950950951,43.74311926605505,533
67.52552552552552,43.78648874061718,534
67.54154154154155,43.78648874061718,535
67.55755755755756,43.78648874061718,536
67.57357357357357,43.78648874061718,537
67.5895895895896,43.829858215179314,538
67.6056056056056,43.829858215179314,539
67.62162162162163,43.829858215179314,540
67.63763763763764,43.829858215179314,541
67.65365365365365,43.873227689741455,542
67.66966966966967,43.873227689741455,543
67.68568568568568,43.873227689741455,544
67.70170170170171,43.873227689741455,545
67.71771771771772,43.873227689741455,546
67.73373373373373,43.91659716430359,547
67.74974974974975,43.91659716430359,548
67.76576576576576,43.91659716430359,549
67.78178178178179,43.91659716430359,550
67.7977977977978,43.95996663886572,551
67.81381381381381,43.95996663886572,552
67.82982982982983,43.95996663886572,553
67.84584584584584,43.95996663886572,554
67.86186186186187,44.003336113427856,555
67.87787787787788,44.003336113427856,556
67.89389389389389,44.003336113427856,557
67.90990990990991,44.003336113427856,558
67.92592592592592,44.04670558798999,559
67.94194194194195,44.04670558798999,560
67.95795795795796,44.04670558798999,561
67.97397397397397,44.04670558798999,562
67.98998998999,44.04670558798999,563
68.006006006006,44.04670558798999,564
68.02202202202203,44.04670558798999,565
68.03803803803804,44.04670558798999,566
68.05405405405405,44.04670558798999,567
68.07007007007007,44.04670558798999,568
68.08608608608608,44.04670558798999,569
68.10210210210211,44.04670558798999,570
68.11811811811812,44.04670558798999,571
68.13413413413413,44.04670558798999,572
68.15015015015015,44.04670558798999,573
68.16616616616616,44.04670558798999,574
68.18218218218219,44.003336113427856,575
68.1981981981982,44.003336113427856,576
68.21421421421421,44.003336113427856,577
68.23023023023023,44.003336113427856,578
68.24624624624624,44.003336113427856,579
68.26226226226227,44.003336113427856,580
68.27827827827828,44.003336113427856,581
68.29429429429429,44.003336113427856,582
68.31031031031031,44.003336113427856,583
68.32632632632632,43.95996663886572,584
68.34234234234235,43.91659716430359,585
68.35835835835836,43.873227689741455,586
68.37437437437437,43.829858215179314,587
68.3903903903904,43.829858215179314,588
68.4064064064064,43.78648874061718,589
68.42242242242243,43.74311926605505,590
68.43843843843844,43.69974979149291,591
68.45445445445445,43.65638031693078,592
68.47047047047047,43.61301084236864,593
68.48648648648648,43.569641367806504,594
68.50250250250251,43.52627189324437,595
68.51851851851852,43.48290241868224,596
68.53453453453453,43.4395329441201,597
68.55055055055055,43.4395329441201,598
68.56656656656656,43.39616346955796,599
68.58258258258259,43.35279399499583,600
68.5985985985986,43.309424520433694,601
68.61461461461461,43.26605504587156,602
68.63063063063063,43.22268557130943,603
68.64664664664664,43.22268557130943,604
68.66266266266267,43.26605504587156,605
68.67867867867868,43.309424520433694,606
68.69469469469469,43.309424520433694,607
68.71071071071071,43.35279399499583,608
68.72672672672672,43.39616346955796,609
68.74274274274275,43.4395329441201,610
68.75875875875876,43.48290241868224,611
68.77477477477477,43.52627189324437,612
68.7907907907908,43.569641367806504,613
68.8068068068068,43.61301084236864,614
68.82282282282283,43.65638031693078,615
68.83883883883884,43.69974979149291,616
68.85485485485485,43.74311926605505,617
68.87087087087087,43.78648874061718,618
68.88688688688688,43.829858215179314,619
68.90290290290291,43.873227689741455,620
68.91891891891892,43.91659716430359,621
68.93493493493493,43.95996663886572,622
68.95095095095095,44.003336113427856,623
68.96696696696696,44.04670558798999,624
68.98298298298299,44.09007506255213,625
68.998998998999,44.13344453711426,626
69.01501501501501,44.1768140116764,627
69.03103103103103,44.22018348623853,628
69.04704704704704,44.263552960800666,629
69.06306306306307,44.30692243536281,630
69.07907907907908,44.350291909924934,631
69.09509509509509,44.393661384487075,632
69.11111111111111,44.43703085904921,633
69.12712712712712,44.48040033361134,634
69.14314314314315,44.52376980817348,635
69.15915915915916,44.56713928273561,636
69.17517517517517,44.61050875729775,637
69.1911911911912,44.653878231859885,638
69.2072072072072,44.69724770642202,639
69.22322322322323,44.74061718098415,640
69.23923923923924,44.783986655546286,641
69.25525525525525,44.82735613010843,642
69.27127127127127,44.87072560467056,643
69.28728728728728,44.914095079232695,644
69.30330330330331,44.95746455379483,645
69.31931931931932,45.00083402835696,646
69.33533533533533,45.0442035029191,647
69.35135135135135,45.08757297748123,648
69.36736736736736,45.13094245204337,649
69.38338338338339,45.174311926605505,650
69.3993993993994,45.21768140116764,651
69.41541541541541,45.26105087572978,652
69.43143143143143,45.304420350291906,653
69.44744744744744,45.34778982485405,654
69.46346346346347,45.39115929941618,655
69.47947947947948,45.434528773978315,656
69.49549549549549,45.477898248540455,657
69.51151151151151,45.52126772310258,658
69.52752752752752,45.56463719766472,659
69.54354354354355,45.60800667222686,660
69.55955955955956,45.65137614678899,661
69.57557557557557,45.69474562135113,662
69.5915915915916,45.73811509591326,663
69.6076076076076,45.7814845704754,664
69.62362362362363,45.82485404503753,665
69.63963963963964,45.86822351959967,666
69.65565565565565,45.9115929941618,667
69.67167167167167,45.954962468723934,668
69.68768768768768,45.998331943286075,669
69.70370370370371,46.04170141784821,670
69.71971971971972,46.08507089241034,671
69.73573573573573,46.12844036697248,672
69.75175175175175,46.17180984153461,673
69.76776776776777,46.21517931609675,674
69.78378378378379,46.25854879065888,675
69.7997997997998,46.30191826522102,676
69.81581581581581,46.34528773978315,677
69.83183183183183,46.38865721434529,678
69.84784784784785,46.43202668890743,679
69.86386386386387,46.475396163469554,680
69.87987987987988,46.518765638031695,681
69.89589589589589,46.56213511259383,682
69.91191191191191,46.60550458715596,683
69.92792792792793,46.648874061718104,684
69.94394394394395,46.69224353628023,685
69.95995995995996,46.73561301084237,686
69.97597597597597,46.778982485404505,687
69.991991991992,46.82235195996664,688
70.008008008008,46.86572143452878,689
70.02402402402403,46.90909090909091,690
70.04004004004004,46.95246038365305,691
70.05605605605605,46.99582985821518,692
70.07207207207207,47.039199332777315,693
70.08808808808809,47.08256880733945,694
70.10410410410411,47.12593828190158,695
70.12012012012012,47.16930775646372,696
70.13613613613613,47.21267723102586,697
70.15215215215215,47.25604670558799,698
70.16816816816817,47.299416180150125,699
70.18418418418419,47.34278565471226,700
70.2002002002002,47.3861551292744,701
70.21621621621621,47.429524603836526,702
70.23223223223223,47.47289407839867,703
70.24824824824825,47.5162635529608,704
70.26426426426427,47.559633027522935,705
70.28028028028028,47.603002502085076,706
70.29629629629629,47.6463719766472,707
70.31231231231232,47.68974145120934,708
70.32832832832833,47.73311092577148,709
70.34434434434435,47.77648040033361,710
70.36036036036036,47.81984987489575,711
70.37637637637637,47.86321934945788,712
70.3923923923924,47.90658882402002,713
70.4084084084084,47.94995829858215,714
70.42442442442443,47.99332777314429,715
70.44044044044044,48.03669724770643,716
70.45645645645645,48.080066722268555,717
70.47247247247248,48.123436196830696,718
70.48848848848849,48.16680567139283,719
70.50450450450451,48.21017514595496,720
70.52052052052052,48.2535446205171,721
70.53653653653653,48.29691409507923,722
70.55255255255256,48.34028356964137,723
70.56856856856857,48.3836530442035,724
70.58458458458459,48.42702251876564,725
70.6006006006006,48.47039199332777,726
70.61661661661661,48.51376146788991,727
70.63263263263264,48.55713094245205,728
70.64864864864865,48.600500417014175,729
70.64864864864865,48.643869891576315,730
70.64864864864865,48.68723936613845,731
70.64864864864865,48.73060884070058,732
70.64864864864865,48.773978315262724,733
70.64864864864865,48.81734778982485,734
70.64864864864865,48.86071726438699,735
70.64864864864865,48.904086738949125,736
70.64864864864865,48.94745621351126,737
70.64864864864865,48.9908256880734,738
70.64864864864865,49.03419516263553,739
70.64864864864865,49.07756463719767,740
70.64864864864865,49.1209341117598,741
70.64864864864865,49.164303586321935,742
70.64864864864865,49.207673060884076,743
70.64864864864865,49.2510425354462,744
70.64864864864865,49.294412010008344,745
70.64864864864865,49.33778148457048,746
70.64864864864865,49.38115095913261,747
70.64864864864865,49.424520433694745,748
70.64864864864865,49.46788990825688,749
70.64864864864865,49.51125938281902,750
70.64864864864865,49.55462885738115,751
70.64864864864865,49.59799833194329,752
70.64864864864865,49.64136780650542,753
70.64864864864865,49.684737281067555,754
70.64864864864865,49.728106755629696,755
70.64864864864865,49.77147623019182,756
70.64864864864865,49.814845704753964,757
70.64864864864865,49.8582151793161,758
70.66466466466467,49.90158465387823,759
70.66466466466467,49.94495412844037,760
70.66466466466467,49.9883236030025,761
70.66466466466467,50.03169307756464,762
70.66466466466467,50.075062552126774,763
70.66466466466467,50.11843202668891,764
70.66466466466467,50.16180150125105,765
70.66466466466467,50.205170975813175,766
70.66466466466467,50.248540450375316,767
70.66466466466467,50.29190992493745,768
70.66466466466467,50.33527939949958,769
70.66466466466467,50.37864887406172,770
70.66466466466467,50.42201834862385,771
70.66466466466467,50.46538782318599,772
70.66466466466467,50.508757297748126,773
70.66466466466467,50.55212677231026,774
70.66466466466467,50.59549624687239,775
70.66466466466467,50.63886572143453,776
70.66466466466467,50.68223519599667,777
70.66466466466467,50.725604670558795,778
70.66466466466467,50.768974145120936,779
70.66466466466467,50.81234361968307,780
70.66466466466467,50.8557130942452,781
70.66466466466467,50.899082568807344,782
70.66466466466467,50.94245204336947,783
70.66466466466467,50.98582151793161,784
70.66466466466467,51.029190992493746,785
70.66466466466467,51.07256046705588,786
70.66466466466467,51.11592994161802,787
70.66466466466467,51.15929941618015,788
70.66466466466467,51.20266889074229,789
70.66466466466467,51.24603836530442,790
70.66466466466467,51.289407839866556,791
70.66466466466467,51.3327773144287,792
70.66466466466467,51.37614678899082,793
70.68068068068068,51.419516263552964,794
70.68068068068068,51.4628857381151,795
70.68068068068068,51.50625521267723,796
70.68068068068068,51.549624687239366,797
70.68068068068068,51.5929941618015,798
70.68068068068068,51.63636363636364,799
70.68068068068068,51.679733110925774,800
70.68068068068068,51.72310258548791,801
70.68068068068068,51.76647206005004,802
70.68068068068068,51.809841534612175,803
70.68068068068068,51.853211009174316,804
70.68068068068068,51.89658048373644,805
70.68068068068068,51.939949958298584,806
70.68068068068068,51.98331943286072,807
70.68068068068068,52.02668890742285,808
70.68068068068068,52.07005838198499,809
70.68068068068068,52.11342785654712,810
70.68068068068068,52.15679733110926,811
70.68068068068068,52.200166805671394,812
70.68068068068068,52.24353628023353,813
70.68068068068068,52.28690575479567,814
70.68068068068068,52.330275229357795,815
70.68068068068068,52.373644703919936,816
70.68068068068068,52.41701417848207,817
70.68068068068068,52.460383653044204,818
70.68068068068068,52.503753127606345,819
70.68068068068068,52.54712260216847,820
70.68068068068068,52.59049207673061,821
70.68068068068068,52.633861551292746,822
70.68068068068068,52.67723102585488,823
70.68068068068068,52.720600500417014,824
70.68068068068068,52.76396997497915,825
70.68068068068068,52.80733944954129,826
70.68068068068068,52.85070892410342,827
70.68068068068068,52.894078398665556,828
70.68068068068068,52.93744787322769,829
70.69669669669669,52.980817347789824,830
70.69669669669669,53.024186822351965,831
70.69669669669669,53.06755629691409,832
70.69669669669669,53.11092577147623,833
70.69669669669669,53.154295246038366,834
70.69669669669669,53.1976647206005,835
70.69669669669669,53.24103419516264,836
70.69669669669669,53.28440366972477,837
70.69669669669669,53.32777314428691,838
70.69669669669669,53.37114261884904,839
70.69669669669669,53.414512093411176,840
70.69669669669669,53.45788156797332,841
70.69669669669669,53.50125104253544,842
70.69669669669669,53.544620517097584,843
70.69669669669669,53.58798999165972,844
70.69669669669669,53.63135946622185,845
70.69669669669669,53.67472894078399,846
70.69669669669669,53.71809841534612,847
70.69669669669669,53.76146788990826,848
70.69669669669669,53.804837364470394,849
70.69669669669669,53.84820683903253,850
70.69669669669669,53.89157631359466,851
70.69669669669669,53.934945788156796,852
70.69669669669669,53.97831526271894,853
70.69669669669669,54.02168473728106,854
70.69669669669669,54.065054211843204,855
70.69669669669669,54.10842368640534,856
70.69669669669669,54.15179316096747,857
70.69669669669669,54.19516263552961,858
70.69669669669669,54.23853211009174,859
70.69669669669669,54.28190158465388,860
70.69669669669669,54.325271059216014,861
70.69669669669669,54.36864053377815,862
70.69669669669669,54.41201000834029,863
70.69669669669669,54.455379482902416,864
70.69669669669669,54.49874895746456,865
70.69669669669669,54.54211843202669,866
70.71271271271272,54.585487906588824,867
70.71271271271272,54.628857381150965,868
70.71271271271272,54.67222685571309,869
70.69669669669669,54.71559633027523,870
70.68068068068068,54.758965804837366,871
70.66466466466467,54.8023352793995,872
70.64864864864865,54.845704753961634,873
70.64864864864865,54.88907422852377,874
70.63263263263264,54.93244370308591,875
70.61661661661661,54.97581317764804,876
70.6006006006006,55.019182652210176,877
70.58458458458459,55.06255212677231,878
70.56856856856857,55.105921601334444,879
70.55255255255256,55.149291075896585,880
70.55255255255256,55.19266055045871,881
70.56856856856857,55.23603002502085,882
70.58458458458459,55.279399499582986,883
70.6006006006006,55.32276897414512,884
70.61661661661661,55.36613844870726,885
70.63263263263264,55.40950792326939,886
70.64864864864865,55.45287739783153,887
70.66466466466467,55.49624687239366,888
70.68068068068068,55.539616346955796,889
70.69669669669669,55.58298582151794,890
70.68068068068068,55.626355296080064,891
70.66466466466467,55.669724770642205,892
70.64864864864865,55.669724770642205,893
70.63263263263264,55.669724770642205,894
70.61661661661661,55.669724770642205,895
70.6006006006006,55.71309424520434,896
70.6006006006006,55.75646371976647,897
70.6006006006006,55.79983319432861,898
70.6006006006006,55.84320266889074,899
70.58458458458459,55.88657214345288,900
70.58458458458459,55.929941618015015,901
70.58458458458459,55.97331109257715,902
70.56856856856857,56.01668056713928,903
70.58458458458459,56.060050041701416,904
70.6006006006006,56.10341951626356,905
70.58458458458459,56.14678899082569,906
70.6006006006006,56.190158465387825,907
70.61661661661661,56.23352793994996,908
70.6006006006006,56.27689741451209,909
70.6006006006006,56.32026688907423,910
70.58458458458459,56.36363636363636,911
70.58458458458459,56.4070058381985,912
70.56856856856857,56.450375312760634,913
70.55255255255256,56.450375312760634,914
70.53653653653653,56.49374478732277,915
70.53653653653653,56.53711426188491,916
70.55255255255256,56.580483736447036,917
70.56856856856857,56.62385321100918,918
70.58458458458459,56.66722268557131,919
70.6006006006006,56.710592160133444,920
70.61661661661661,56.753961634695585,921
70.61661661661661,56.79733110925771,922
70.61661661661661,56.84070058381985,923
70.61661661661661,56.88407005838199,924
70.6006006006006,56.92743953294412,925
70.6006006006006,56.97080900750626,926
70.6006006006006,57.01417848206839,927
70.58458458458459,57.05754795663053,928
70.58458458458459,57.10091743119266,929
70.58458458458459,57.1442869057548,930
70.56856856856857,57.18765638031693,931
70.56856856856857,57.231025854879064,932
70.55255255255256,57.274395329441205,933
70.55255255255256,57.31776480400334,934
70.56856856856857,57.36113427856547,935
70.58458458458459,57.40450375312761,936
70.6006006006006,57.44787322768974,937
70.61661661661661,57.49124270225188,938
70.63263263263264,57.53461217681401,939
70.64864864864865,57.57798165137615,940
70.66466466466467,57.62135112593828,941
70.68068068068068,57.66472060050042,942
70.69669669669669,57.70809007506256,943
70.71271271271272,57.751459549624684,944
70.72872872872873,57.794829024186825,945
70.74474474474475,57.83819849874896,946
70.74474474474475,57.88156797331109,947
70.74474474474475,57.92493744787323,948
70.74474474474475,57.96830692243536,949
70.74474474474475,58.0116763969975,950
70.74474474474475,58.055045871559635,951
70.74474474474475,58.09841534612177,952
70.74474474474475,58.14178482068391,953
70.74474474474475,58.185154295246036,954
70.74474474474475,58.22852376980818,955
70.74474474474475,58.27189324437031,956
70.74474474474475,58.315262718932445,957
70.74474474474475,58.35863219349458,958
70.74474474474475,58.40200166805671,959
70.74474474474475,58.44537114261885,960
70.74474474474475,58.48874061718099,961
70.74474474474475,58.53211009174312,962
70.74474474474475,58.575479566305255,963
70.74474474474475,58.61884904086739,964
70.74474474474475,58.66221851542953,965
70.74474474474475,58.705587989991656,966
70.74474474474475,58.7489574645538,967
70.74474474474475,58.79232693911593,968
70.74474474474475,58.835696413678065,969
70.74474474474475,58.879065888240206,970
70.74474474474475,58.92243536280233,971
70.74474474474475,58.96580483736447,972
70.76076076076076,59.00917431192661,973
70.76076076076076,59.05254378648874,974
70.76076076076076,59.09591326105088,975
70.76076076076076,59.13928273561301,976
70.76076076076076,59.18265221017515,977
70.76076076076076,59.22602168473728,978
70.76076076076076,59.26939115929942,979
70.76076076076076,59.31276063386156,980
70.76076076076076,59.356130108423685,981
70.76076076076076,59.399499582985825,982
70.76076076076076,59.44286905754796,983
70.76076076076076,59.48623853211009,984
70.76076076076076,59.52960800667223,985
70.76076076076076,59.57297748123436,986
70.76076076076076,59.6163469557965,987
70.76076076076076,59.65971643035863,988
70.76076076076076,59.70308590492077,989
70.76076076076076,59.7464553794829,990
70.76076076076076,59.78982485404504,991
70.76076076076076,59.83319432860718,992
70.76076076076076,59.876563803169304,993
70.76076076076076,59.919933277731445,994
70.76076076076076,59.96330275229358,995
70.76076076076076,60.00667222685571,996
70.76076076076076,60.05004170141785,997
70.76076076076076,60.09341117597999,998
70.76076076076076,60.13678065054212,999
70.76076076076076,60.180150125104255,1000
70.76076076076076,60.22351959966639,1001
70.76076076076076,60.26688907422852,1002
70.76076076076076,60.310258548790664,1003
70.76076076076076,60.3536280233528,1004
70.76076076076076,60.39699749791493,1005
70.76076076076076,60.440366972477065,1006
70.76076076076076,60.4837364470392,1007
70.77677677677677,60.52710592160133,1008
70.77677677677677,60.570475396163474,1009
70.77677677677677,60.61384487072561,1010
70.77677677677677,60.65721434528774,1011
70.77677677677677,60.700583819849875,1012
70.77677677677677,60.74395329441201,1013
70.77677677677677,60.78732276897415,1014
70.77677677677677,60.830692243536284,1015
70.77677677677677,60.87406171809842,1016
70.77677677677677,60.91743119266055,1017
70.77677677677677,60.960800667222685,1018
70.77677677677677,61.00417014178482,1019
70.77677677677677,61.04753961634696,1020
70.77677677677677,61.09090909090909,1021
70.77677677677677,61.13427856547123,1022
70.77677677677677,61.17764804003336,1023
70.77677677677677,61.221017514595495,1024
70.77677677677677,61.264386989157636,1025
70.77677677677677,61.30775646371977,1026
70.77677677677677,61.3511259382819,1027
70.77677677677677,61.39449541284404,1028
70.77677677677677,61.43786488740617,1029
70.77677677677677,61.481234361968305,1030
70.77677677677677,61.524603836530446,1031
70.77677677677677,61.56797331109258,1032
70.77677677677677,61.61134278565471,1033
70.77677677677677,61.65471226021685,1034
70.77677677677677,61.69808173477898,1035
70.77677677677677,61.74145120934112,1036
70.77677677677677,61.784820683903256,1037
70.77677677677677,61.82819015846539,1038
70.7927927927928,61.87155963302752,1039
70.7927927927928,61.91492910758966,1040
70.7927927927928,61.9582985821518,1041
70.7927927927928,62.00166805671393,1042
70.7927927927928,62.045037531276066,1043
70.7927927927928,62.0884070058382,1044
70.7927927927928,62.13177648040033,1045
70.7927927927928,62.17514595496247,1046
70.7927927927928,62.21851542952461,1047
70.8088088088088,62.26188490408674,1048
70.8088088088088,62.305254378648876,1049
70.8088088088088,62.34862385321101,1050
70.8088088088088,62.39199332777314,1051
70.7927927927928,62.435362802335284,1052
70.7927927927928,62.47873227689742,1053
70.7927927927928,62.52210175145955,1054
70.7927927927928,62.565471226021685,1055
70.7927927927928,62.60884070058382,1056
70.7927927927928,62.65221017514595,1057
70.7927927927928,62.695579649708094,1058
70.7927927927928,62.73894912427023,1059
70.7927927927928,62.78231859883236,1060
70.8088088088088,62.825688073394495,1061
70.82482482482483,62.86905754795663,1062
70.84084084084084,62.91242702251877,1063
70.85685685685685,62.955796497080904,1064
70.87287287287288,62.99916597164304,1065
70.88888888888889,63.04253544620517,1066
70.90490490490491,63.085904920767305,1067
70.92092092092092,63.129274395329446,1068
70.93693693693693,63.17264386989158,1069
70.95295295295296,63.216013344453714,1070
70.96896896896897,63.25938281901585,1071
70.98498498498499,63.30275229357798,1072
71.001001001001,63.346121768140115,1073
71.01701701701701,63.389491242702256,1074
71.03303303303304,63.43286071726439,1075
71.04904904904905,63.476230191826524,1076
71.06506506506507,63.51959966638866,1077
71.08108108108108,63.56296914095079,1078
71.09709709709709,63.60633861551293,1079
71.11311311311312,63.649708090075066,1080
71.12912912912913,63.6930775646372,1081
71.14514514514515,63.736447039199334,1082
71.16116116116116,63.77981651376147,1083
71.17717717717717,63.8231859883236,1084
71.1931931931932,63.86655546288574,1085
71.2092092092092,63.909924937447876,1086
71.22522522522523,63.95329441201001,1087
71.24124124124124,63.996663886572144,1088
71.25725725725725,64.04003336113428,1089
71.27327327327328,64.08340283569642,1090
71.28928928928929,64.12677231025856,1091
71.30530530530531,64.17014178482069,1092
71.32132132132132,64.21351125938281,1093
71.33733733733733,64.25688073394495,1094
71.35335335335336,64.3002502085071,1095
71.36936936936937,64.34361968306922,1096
71.38538538538539,64.38698915763136,1097
71.4014014014014,64.4303586321935,1098
71.41741741741741,64.47372810675563,1099
71.43343343343344,64.51709758131776,1100
71.44944944944945,64.56046705587991,1101
71.46546546546547,64.60383653044204,1102
71.48148148148148,64.64720600500416,1103
71.49749749749749,64.6905754795663,1104
71.51351351351352,64.73394495412845,1105
71.52952952952953,64.77731442869057,1106
71.54554554554555,64.82068390325271,1107
71.56156156156156,64.86405337781486,1108
71.57757757757757,64.90742285237698,1109
71.5935935935936,64.95079232693911,1110
71.6096096096096,64.99416180150125,1111
71.62562562562563,65.03753127606339,1112
71.64164164164164,65.08090075062552,1113
71.65765765765765,65.12427022518766,1114
71.67367367367368,65.1676396997498,1115
71.68968968968969,65.21100917431193,1116
71.70570570570571,65.25437864887407,1117
71.72172172172172,65.29774812343621,1118
71.73773773773775,65.34111759799833,1119
71.75375375375376,65.38448707256046,1120
71.76976976976977,65.4278565471226,1121
71.78578578578579,65.47122602168474,1122
71.8018018018018,65.51459549624687,1123
71.81781781781783,65.55796497080901,1124
71.83383383383384,65.60133444537115,1125
71.84984984984985,65.64470391993328,1126
71.86586586586587,65.6880733944954,1127
71.88188188188188,65.73144286905756,1128
71.8978978978979,65.77481234361969,1129
71.91391391391392,65.81818181818181,1130
71.92992992992993,65.86155129274395,1131
71.94594594594595,65.9049207673061,1132
71.96196196196196,65.94829024186822,1133
71.97797797797799,65.99165971643036,1134
71.993993993994,66.0350291909925,1135
72.01001001001,66.07839866555463,1136
72.02602602602603,66.12176814011676,1137
72.04204204204204,66.1651376146789,1138
72.05805805805807,66.20850708924104,1139
72.07407407407408,66.25187656380317,1140
72.09009009009009,66.2952460383653,1141
72.10610610610611,66.33861551292745,1142
72.12212212212212,66.38198498748957,1143
72.13813813813815,66.42535446205171,1144
72.15415415415416,66.46872393661386,1145
72.17017017017017,66.51209341117598,1146
72.18618618618619,66.55546288573811,1147
72.2022022022022,66.59883236030025,1148
72.21821821821823,66.64220183486239,1149
72.23423423423424,66.68557130942452,1150
72.25025025025025,66.72894078398666,1151
72.26626626626627,66.7723102585488,1152
72.28228228228228,66.81567973311093,1153
72.2982982982983,66.85904920767305,1154
72.31431431431432,66.90241868223521,1155
72.33033033033033,66.94578815679733,1156
72.34634634634635,66.98915763135946,1157
72.36236236236236,67.0325271059216,1158
72.37837837837839,67.07589658048374,1159
72.3943943943944,67.11926605504587,1160
72.4104104104104,67.16263552960801,1161
72.42642642642643,67.20600500417015,1162
72.44244244244244,67.24937447873228,1163
72.45845845845847,67.2927439532944,1164
72.47447447447448,67.33611342785655,1165
72.47447447447448,67.37948290241869,1166
72.47447447447448,67.42285237698081,1167
72.47447447447448,67.46622185154295,1168
72.47447447447448,67.5095913261051,1169
72.47447447447448,67.55296080066722,1170
72.47447447447448,67.59633027522936,1171
72.47447447447448,67.6396997497915,1172
72.47447447447448,67.68306922435363,1173
72.47447447447448,67.72643869891576,1174
72.47447447447448,67.7698081734779,1175
72.47447447447448,67.81317764804004,1176
72.47447447447448,67.85654712260217,1177
72.47447447447448,67.8999165971643,1178
72.47447447447448,67.94328607172645,1179
72.47447447447448,67.98665554628857,1180
72.47447447447448,68.0300250208507,1181
72.47447447447448,68.07339449541286,1182
72.47447447447448,68.11676396997498,1183
72.47447447447448,68.16013344453711,1184
72.49049049049049,68.20350291909925,1185
72.49049049049049,68.24687239366139,1186
72.49049049049049,68.29024186822352,1187
72.49049049049049,68.33361134278566,1188
72.49049049049049,68.3769808173478,1189
72.49049049049049,68.42035029190993,1190
72.49049049049049,68.46371976647205,1191
72.49049049049049,68.5070892410342,1192
72.49049049049049,68.55045871559633,1193
72.49049049049049,68.59382819015846,1194
72.49049049049049,68.6371976647206,1195
72.49049049049049,68.68056713928274,1196
72.49049049049049,68.72393661384487,1197
72.49049049049049,68.767306088407,1198
72.49049049049049,68.81067556296915,1199
72.49049049049049,68.85404503753128,1200
72.49049049049049,68.8974145120934,1201
72.50650650650651,68.85404503753128,1202
72.52252252252252,68.85404503753128,1203
72.53853853853855,68.85404503753128,1204
72.55455455455456,68.85404503753128,1205
72.57057057057057,68.85404503753128,1206
72.58658658658659,68.85404503753128,1207
72.6026026026026,68.85404503753128,1208
72.61861861861863,68.85404503753128,1209
72.63463463463464,68.85404503753128,1210
72.65065065065065,68.85404503753128,1211
72.66666666666667,68.85404503753128,1212
72.68268268268268,68.85404503753128,1213
72.6986986986987,68.85404503753128,1214
72.71471471471472,68.85404503753128,1215
72.73073073073073,68.85404503753128,1216
72.74674674674675,68.85404503753128,1217
72.76276276276276,68.85404503753128,1218
72.77877877877879,68.85404503753128,1219
72.7947947947948,68.85404503753128,1220
72.8108108108108,68.85404503753128,1221
72.82682682682683,68.85404503753128,1222
72.84284284284284,68.85404503753128,1223
72.85885885885887,68.85404503753128,1224
72.87487487487488,68.85404503753128,1225
72.89089089089089,68.85404503753128,1226
72.90690690690691,68.85404503753128,1227
72.92292292292292,68.85404503753128,1228
72.93893893893895,68.85404503753128,1229
72.95495495495496,68.85404503753128,1230
72.97097097097097,68.85404503753128,1231
72.98698698698699,68.85404503753128,1232
73.003003003003,68.85404503753128,1233
73.01901901901903,68.8974145120934,1234
73.03503503503504,68.94078398665555,1235
73.05105105105105,68.98415346121769,1236
73.06706706706707,69.02752293577981,1237
73.08308308308308,69.07089241034195,1238
73.0990990990991,69.1142618849041,1239
73.11511511511512,69.15763135946622,1240
73.13113113113113,69.20100083402835,1241
73.14714714714715,69.2443703085905,1242
73.16316316316316,69.28773978315263,1243
73.17917917917919,69.33110925771476,1244
73.1951951951952,69.3744787322769,1245
73.21121121121121,69.41784820683904,1246
73.22722722722723,69.46121768140117,1247
73.24324324324324,69.5045871559633,1248
73.25925925925927,69.54795663052545,1249
73.27527527527528,69.59132610508757,1250
73.29129129129129,69.6346955796497,1251
73.30730730730731,69.67806505421184,1252
73.32332332332332,69.72143452877398,1253
73.33933933933935,69.76480400333611,1254
73.35535535535536,69.80817347789825,1255
73.37137137137137,69.85154295246039,1256
73.38738738738739,69.89491242702252,1257
73.4034034034034,69.93828190158465,1258
73.41941941941943,69.9816513761468,1259
73.43543543543544,70.02502085070893,1260
73.45145145145145,70.06839032527105,1261
73.45145145145145,70.1117597998332,1262
73.45145145145145,70.15512927439534,1263
73.45145145145145,70.19849874895746,1264
73.46746746746747,70.2418682235196,1265
73.46746746746747,70.28523769808174,1266
73.48348348348348,70.32860717264387,1267
73.48348348348348,70.371976647206,1268
73.4994994994995,70.41534612176815,1269
73.4994994994995,70.45871559633028,1270
73.4994994994995,70.5020850708924,1271
73.48348348348348,70.54545454545455,1272
73.4994994994995,70.58882402001669,1273
73.4994994994995,70.63219349457881,1274
73.51551551551552,70.67556296914096,1275
73.51551551551552,70.7189324437031,1276
73.51551551551552,70.76230191826522,1277
73.51551551551552,70.80567139282735,1278
73.51551551551552,70.84904086738949,1279
73.51551551551552,70.89241034195163,1280
73.53153153153153,70.93577981651376,1281
73.51551551551552,70.9791492910759,1282
73.51551551551552,71.02251876563804,1283
73.4994994994995,71.06588824020017,1284
73.4994994994995,71.1092577147623,1285
73.48348348348348,71.15262718932445,1286
73.48348348348348,71.19599666388658,1287
73.46746746746747,71.2393661384487,1288
73.45145145145145,71.28273561301084,1289
73.43543543543544,71.32610508757298,1290
73.41941941941943,71.36947456213511,1291
73.4034034034034,71.41284403669725,1292
73.38738738738739,71.45621351125939,1293
73.37137137137137,71.49958298582152,1294
73.35535535535536,71.54295246038365,1295
73.33933933933935,71.58632193494579,1296
73.32332332332332,71.62969140950793,1297
73.30730730730731,71.67306088407005,1298
73.29129129129129,71.7164303586322,1299
73.27527527527528,71.75979983319434,1300
73.25925925925927,71.80316930775646,1301
73.24324324324324,71.8465387823186,1302
73.22722722722723,71.88990825688074,1303
73.21121121121121,71.93327773144287,1304
73.1951951951952,71.976647206005,1305
73.17917917917919,72.02001668056714,1306
73.16316316316316,72.06338615512928,1307
73.14714714714715,72.1067556296914,1308
73.13113113113113,72.15012510425355,1309
73.11511511511512,72.19349457881569,1310
73.0990990990991,72.19349457881569,1311
73.08308308308308,72.19349457881569,1312
73.06706706706707,72.19349457881569,1313
73.05105105105105,72.19349457881569,1314
73.03503503503504,72.19349457881569,1315
73.01901901901903,72.19349457881569,1316
73.003003003003,72.19349457881569,1317
72.98698698698699,72.19349457881569,1318
72.97097097097097,72.19349457881569,1319
72.95495495495496,72.19349457881569,1320
72.93893893893895,72.19349457881569,1321
72.92292292292292,72.19349457881569,1322
72.90690690690691,72.19349457881569,1323
72.89089089089089,72.19349457881569,1324
72.87487487487488,72.23686405337781,1325
72.85885885885887,72.28023352793994,1326
72.84284284284284,72.3236030025021,1327
72.84284284284284,72.36697247706422,1328
72.82682682682683,72.41034195162635,1329
72.8108108108108,72.45371142618849,1330
72.8108108108108,72.49708090075063,1331
72.7947947947948,72.54045037531276,1332
72.77877877877879,72.5838198498749,1333
72.77877877877879,72.62718932443704,1334
72.76276276276276,72.67055879899917,1335
72.74674674674675,72.7139282735613,1336
72.74674674674675,72.75729774812343,1337
72.73073073073073,72.80066722268558,1338
72.71471471471472,72.8440366972477,1339
72.6986986986987,72.80066722268558,1340
72.68268268268268,72.75729774812343,1341
72.66666666666667,72.80066722268558,1342
72.65065065065065,72.8440366972477,1343
72.63463463463464,72.80066722268558,1344
72.61861861861863,72.75729774812343,1345
72.6026026026026,72.75729774812343,1346
72.58658658658659,72.75729774812343,1347
72.57057057057057,72.75729774812343,1348
72.55455455455456,72.80066722268558,1349
72.53853853853855,72.80066722268558,1350
72.52252252252252,72.8440366972477,1351
72.50650650650651,72.8440366972477,1352
72.49049049049049,72.8440366972477,1353
72.47447447447448,72.80066722268558,1354
72.45845845845847,72.80066722268558,1355
72.44244244244244,72.80066722268558,1356
72.42642642642643,72.80066722268558,1357
72.4104104104104,72.80066722268558,1358
72.3943943943944,72.8440366972477,1359
72.37837837837839,72.8440366972477,1360
72.36236236236236,72.8440366972477,1361
72.34634634634635,72.8440366972477,1362
72.33033033033033,72.88740617180984,1363
72.31431431431432,72.88740617180984,1364
72.2982982982983,72.88740617180984,1365
72.28228228228228,72.88740617180984,1366
72.26626626626627,72.88740617180984,1367
72.25025025025025,72.8440366972477,1368
72.23423423423424,72.80066722268558,1369
72.21821821821823,72.80066722268558,1370
72.2022022022022,72.75729774812343,1371
72.18618618618619,72.75729774812343,1372
72.17017017017017,72.75729774812343,1373
72.15415415415416,72.75729774812343,1374
72.13813813813815,72.75729774812343,1375
72.12212212212212,72.75729774812343,1376
72.10610610610611,72.7139282735613,1377
72.09009009009009,72.67055879899917,1378
72.07407407407408,72.62718932443704,1379
72.05805805805807,72.62718932443704,1380
72.04204204204204,72.5838198498749,1381
72.02602602602603,72.5838198498749,1382
72.01001001001,72.5838198498749,1383
71.993993993994,72.5838198498749,1384
71.97797797797799,72.5838198498749,1385
71.96196196196196,72.5838198498749,1386
71.94594594594595,72.5838198498749,1387
71.92992992992993,72.54045037531276,1388
71.91391391391392,72.54045037531276,1389
71.8978978978979,72.49708090075063,1390
71.88188188188188,72.45371142618849,1391
71.86586586586587,72.41034195162635,1392
71.84984984984985,72.36697247706422,1393
71.83383383383384,72.36697247706422,1394
71.81781781781783,72.3236030025021,1395
71.8018018018018,72.36697247706422,1396
71.78578578578579,72.36697247706422,1397
71.76976976976977,72.36697247706422,1398
71.75375375375376,72.36697247706422,1399
71.73773773773775,72.36697247706422,1400
71.72172172172172,72.36697247706422,1401
71.70570570570571,72.36697247706422,1402
71.68968968968969,72.3236030025021,1403
71.67367367367368,72.28023352793994,1404
71.65765765765765,72.28023352793994,1405
71.64164164164164,72.28023352793994,1406
71.62562562562563,72.28023352793994,1407
71.6096096096096,72.28023352793994,1408
71.5935935935936,72.28023352793994,1409
71.57757757757757,72.28023352793994,1410
71.56156156156156,72.28023352793994,1411
71.54554554554555,72.28023352793994,1412
71.52952952952953,72.28023352793994,1413
71.51351351351352,72.28023352793994,1414
71.49749749749749,72.28023352793994,1415
71.48148148148148,72.28023352793994,1416
71.46546546546547,72.28023352793994,1417
71.44944944944945,72.28023352793994,1418
71.43343343343344,72.28023352793994,1419
71.41741741741741,72.28023352793994,1420
71.4014014014014,72.28023352793994,1421
71.38538538538539,72.28023352793994,1422
71.36936936936937,72.28023352793994,1423
71.35335335335336,72.28023352793994,1424
71.33733733733733,72.28023352793994,1425
71.32132132132132,72.28023352793994,1426
